yorum;puan
Çok beğendim, sıcak tutuyor. Kargo da hızlı geldi, teşekkürler.;5
Harika bir termos, 8 saat sonra bile çay sıcaktı. Tavsiye ederim.;5
Ürün güzel ama kapağı biraz zor açılıyor. Keşke tek elle açılabilen bir kapak olsaydı.;4
İlk hafta iyiydi sonra kapaktan sızdırmaya başladı. Çantamın içi ıslandı, memnun değilim.;2
Kutu ezik geldi, termosun altı da göçük. Paketleme çok özensiz. İade ettim.;1
Rengi görseldeki gibi, çok şık duruyor. Hediye olarak aldım, çok beğenildi.;5
İdare eder. Sıcak tutuyor ama soğuk içecekte beklediğim gibi değil.;3
Kaliteli duruyor, sağlam. Tek eksiği bardak kısmının küçük olması.;4
Fiyatına göre mükemmel, parasını hak ediyor.;5
Kapağın contası ikinci haftada çıktı, sızdırıyor. Satıcıya yazdım cevap vermedi.;2
Sorunsuz ulaştı, paketleme özenliydi. Çok memnun kaldım.;5
Güzel ürün. Keşke 750 ml seçeneği de olsaydı, 500 ml bana az geliyor.;4
İçinden plastik kokusu geliyor, defalarca yıkadım geçmedi. Tavsiye etmiyorum.;1
Çok iyi, sabah koyduğum kahve akşama kadar sıcak kalıyor.;5
Ürün iyi ama kargo geç geldi, 6 günde elime ulaştı.;3
Sağlam ve kullanışlı. Boyası çizilmeye biraz müsait, bir kılıfı olsa çok iyi olurdu.;4
Görseldeki renk ile gelen renk farklı. Daha koyu bir ton geldi.;2
Bayıldım, ofiste herkes sordu. Teşekkürler.;5
Kapak sızdırıyor. Para tuzağı, almayın.;1
Isıyı iyi koruyor. Kapağı sıkı kapatmak gerekiyor yoksa damlatıyor.;4
Kargo hızlı, ürün kaliteli. Tavsiye ederim.;5
Fena değil ama fiyatı biraz pahalı geldi bana.;3
Mükemmel, ikinciyi de sipariş ettim.;5
Kutusu açılmış gibiydi, içinden kullanım kılavuzu da çıkmadı. Eksik ürün gönderilmiş.;2
Güzel, hafif. Çantaya sığıyor. Tek kusuru ağzının dar olması, buz atılamıyor.;4
Çok şık ve kaliteli, hediye paketi de yapmışlar.;5
İlk kullanımda içindeki cam kırıldı. Kalitesiz, pişman oldum.;1
Kışın çok işime yaradı, sıcak tutma süresi gayet iyi.;5
Beğendim. Kapak contası yedeği ile gelse daha iyi olurdu.;4
Orta halli. Koku yapmıyor ama sıcaklığı 5 saatten fazla tutmuyor.;3
Paketleme çok iyiydi, hasarsız geldi. Satıcıya teşekkürler.;5
Kargo firması paketi ezmiş, hasarlı geldi. Değişim istedim hâlâ bekliyorum.;2
Tam aradığım ürün, çok memnunum.;5
Ürün kaliteli. Keşke taşıma askısı olsaydı.;4
Sıcak ve soğuk ikisini de iyi tutuyor, tavsiye ediyorum.;5
Sızdırıyor, kapak tam oturmuyor. İade sürecinde de satıcı ilgilenmedi.;1
Rengi çok güzel, kalitesi de iyi.;5
Memnunum. Yalnız yıkaması zor, ağzı dar olduğu için sünger girmiyor.;4
Hızlı kargo, sağlam paket, güzel ürün.;5
Kullanışlı ama boyası ikinci ayda soyulmaya başladı.;3
