ad;marka;fiyat;puan;yorum
Marka A Erkek Parfüm 12 50 ml;Marka A;261,42;4,5;6901
Marka B Erkek Parfüm 2 50 ml;Marka B;250,73;4,1;3086
Marka F Erkek Parfüm 1 50 ml;Marka F;551,12;4,0;2721
Marka F Erkek Parfüm 3 50 ml;Marka F;451,84;4,4;3076
Marka D Erkek Parfüm 2 50 ml;Marka D;122,03;4,3;394
Marka A Erkek Parfüm 5 50 ml;Marka A;213,69;4,4;1768
Marka D Erkek Parfüm 5 50 ml;Marka D;155,81;4,7;1066
Marka A Erkek Parfüm 11 50 ml;Marka A;258,44;4,5;2488
Marka F Erkek Parfüm 2 50 ml;Marka F;381,77;4,5;2049
Marka A Erkek Parfüm 6 50 ml;Marka A;295,76;4,0;4457
Marka D Erkek Parfüm 3 50 ml;Marka D;174,98;4,3;496
Marka A Erkek Parfüm 3 50 ml;Marka A;261,59;4,7;4317
Marka A Erkek Parfüm 8 50 ml;Marka A;260,79;4,3;4422
Marka B Erkek Parfüm 8 50 ml;Marka B;291,83;4,8;783
Marka B Erkek Parfüm 5 50 ml;Marka B;284,72;4,1;3494
Marka A Erkek Parfüm 7 50 ml;Marka A;268,29;4,4;1813
Marka A Erkek Parfüm 2 50 ml;Marka A;190,14;4,4;6791
Marka E Erkek Parfüm 1 50 ml;Marka E;866,74;4,3;582
Marka B Erkek Parfüm 4 50 ml;Marka B;345,4;4,3;1527
Marka D Erkek Parfüm 4 50 ml;Marka D;189,14;4,0;557
Marka E Erkek Parfüm 4 50 ml;Marka E;1392,15;4,5;409
Marka C Erkek Parfüm 2 50 ml;Marka C;767,47;4,0;2435
Marka E Erkek Parfüm 3 50 ml;Marka E;1321,11;4,2;445
Marka B Erkek Parfüm 1 50 ml;Marka B;257,54;4,5;2611
Marka B Erkek Parfüm 6 50 ml;Marka B;283,94;4,4;2451
Marka C Erkek Parfüm 5 50 ml;Marka C;641,37;4,3;533
Marka C Erkek Parfüm 1 50 ml;Marka C;500,15;4,3;310
Marka C Erkek Parfüm 4 50 ml;Marka C;562,24;4,2;2184
Marka C Erkek Parfüm 7 50 ml;Marka C;470,02;4,5;1975
Marka D Erkek Parfüm 1 50 ml;Marka D;145,61;4,2;760
Marka B Erkek Parfüm 3 50 ml;Marka B;335,71;4,6;2207
Marka A Erkek Parfüm 4 50 ml;Marka A;185,25;4,3;1944
Marka A Erkek Parfüm 9 50 ml;Marka A;186,52;4,7;5544
Marka B Erkek Parfüm 9 50 ml;Marka B;332,15;4,0;1701
Marka C Erkek Parfüm 3 50 ml;Marka C;639,1;4,7;1435
Marka E Erkek Parfüm 2 50 ml;Marka E;981,15;4,0;460
Marka C Erkek Parfüm 6 50 ml;Marka C;761,74;4,3;416
Marka A Erkek Parfüm 10 50 ml;Marka A;238,68;4,4;5854
Marka A Erkek Parfüm 1 50 ml;Marka A;225,34;4,0;1591
Marka B Erkek Parfüm 7 50 ml;Marka B;329,12;4,2;2138
