sipariş no;il;ilçe;ürün;tutar;durum
S100001;İzmir;Karşıyaka;Çelik Termos 750 ml;459,90;Teslim edildi
S100002;İstanbul;Beşiktaş;Çelik Termos 750 ml;459,90;Teslim edildi
S100003;Ankara;Mamak;Çelik Termos 500 ml;779,80;Teslim edildi
S100004;Malatya;Battalgazi;Çelik Termos 750 ml;459,90;Teslim edildi
S100005;İSTANBUL;Ümraniye;Çelik Termos 500 ml;389,90;İade edildi
S100006;İzmir;Bornova;Termos Kupa 350 ml;279,90;Teslim edildi
S100007;İzmir;Buca;Çelik Termos 500 ml;1169,70;Teslim edildi
S100008;Ankara;Mamak;Çelik Termos 500 ml;389,90;Teslim edildi
S100009;İstanbul;Kadıköy;Çelik Termos 500 ml;389,90;İptal edildi
S100010;İstanbul;Beşiktaş;Yedek Kapak Seti;89,90;Teslim edildi
S100011;ANKARA;Çankaya;Çelik Termos 750 ml;459,90;Teslim edildi
S100012;Ankara;Keçiören;Çelik Termos 500 ml;389,90;Teslim edildi
S100013;Konya;Selçuklu;Çelik Termos 500 ml;389,90;Teslim edildi
S100014;İzmir;Konak;Çelik Termos 500 ml;389,90;Teslim edildi
S100015;Ankara;Yenimahalle;Çelik Termos 500 ml;389,90;Teslim edildi
S100016;Sivas;Merkez;Çelik Termos 500 ml;389,90;Teslim edildi
S100017;İstanbul;Ümraniye;Çelik Termos 500 ml;389,90;İptal edildi
S100018;Samsun;Atakum;Çelik Termos 500 ml;389,90;Teslim edildi
S100019;İstanbul;Beşiktaş;Çelik Termos 500 ml;389,90;Teslim edildi
S100020;SAMSUN;Atakum;Çelik Termos 500 ml;389,90;Teslim edildi
S100021;Eskişehir;Odunpazarı;Çelik Termos 500 ml;389,90;Teslim edildi
S100022;Adana;Seyhan;Çelik Termos 500 ml;389,90;Teslim edildi
S100023;İSTANBUL;Ümraniye;Çelik Termos 750 ml;459,90;Teslim edildi
S100024;Ankara;Çankaya;Termos Kupa 350 ml;279,90;Teslim edildi
S100025;İstanbul;Ümraniye;Çelik Termos 750 ml;459,90;Teslim edildi
S100026;İSTANBUL;Beşiktaş;Termos Kupa 350 ml;279,90;İade edildi
S100027;İstanbul;Kadıköy;Çelik Termos 500 ml;389,90;Teslim edildi
S100028;Ankara;Keçiören;Termos Kupa 350 ml;839,70;Teslim edildi
S100029;Antalya;Muratpaşa;Yedek Kapak Seti;89,90;Teslim edildi
S100030;Antalya;Muratpaşa;Termos Kupa 350 ml;279,90;Teslim edildi
S100031;İzmir;Buca;Termos Kupa 350 ml;559,80;Teslim edildi
S100032;ANKARA;Çankaya;Çelik Termos 750 ml;919,80;Teslim edildi
S100033;Muğla;Bodrum;Çelik Termos 750 ml;459,90;Teslim edildi
S100034;İstanbul;Ümraniye;Çelik Termos 750 ml;1379,70;Teslim edildi
S100035;Ankara;Çankaya;Termos Kupa 350 ml;279,90;Teslim edildi
S100036;İzmir;Bornova;Termos Kupa 350 ml;279,90;İade edildi
S100037;İZMIR;Karşıyaka;Çelik Termos 750 ml;459,90;İptal edildi
S100038;Adana;Çukurova;Çelik Termos 500 ml;389,90;Teslim edildi
S100039;İzmir;Karşıyaka;Çelik Termos 500 ml;389,90;Teslim edildi
S100040;ANKARA;Yenimahalle;Çelik Termos 750 ml;459,90;Teslim edildi
S100041;SAMSUN;Atakum;Termos Kupa 350 ml;279,90;Teslim edildi
S100042;İSTANBUL;Bağcılar;Çelik Termos 750 ml;919,80;Teslim edildi
S100043;İZMIR;Bornova;Çelik Termos 750 ml;919,80;Teslim edildi
S100044;SAMSUN;İlkadım;Çelik Termos 500 ml;389,90;Teslim edildi
S100045;ANKARA;Keçiören;Termos Kupa 350 ml;279,90;Teslim edildi
S100046;İstanbul;Bağcılar;Termos Kupa 350 ml;279,90;Teslim edildi
S100047;İSTANBUL;Kadıköy;Çelik Termos 500 ml;389,90;Teslim edildi
S100048;Adana;Çukurova;Çelik Termos 500 ml;389,90;Teslim edildi
S100049;Bursa;Nilüfer;Çelik Termos 500 ml;389,90;Teslim edildi
S100050;Ankara;Mamak;Termos Kupa 350 ml;559,80;Teslim edildi
S100051;İSTANBUL;Pendik;Çelik Termos 750 ml;459,90;Teslim edildi
S100052;BURSA;Osmangazi;Termos Kupa 350 ml;279,90;Teslim edildi
S100053;Kocaeli;İzmit;Çelik Termos 500 ml;389,90;Teslim edildi
S100054;İstanbul;Ümraniye;Termos Kupa 350 ml;839,70;Teslim edildi
S100055;İstanbul;Beşiktaş;Termos Kupa 350 ml;279,90;Teslim edildi
S100056;Ankara;Çankaya;Çelik Termos 500 ml;389,90;Teslim edildi
S100057;Ankara;Mamak;Çelik Termos 500 ml;389,90;Teslim edildi
S100058;İstanbul;Beşiktaş;Çelik Termos 750 ml;459,90;Teslim edildi
S100059;Manisa;Yunusemre;Çelik Termos 750 ml;919,80;Teslim edildi
S100060;Bursa;Osmangazi;Çelik Termos 500 ml;389,90;Teslim edildi
S100061;Ankara;Yenimahalle;Çelik Termos 500 ml;779,80;Teslim edildi
S100062;Tekirdağ;Çorlu;Yedek Kapak Seti;89,90;Teslim edildi
S100063;Bursa;Osmangazi;Çelik Termos 750 ml;459,90;İade edildi
S100064;Bursa;Nilüfer;Yedek Kapak Seti;89,90;Teslim edildi
S100065;HATAY;Antakya;Çelik Termos 750 ml;919,80;Teslim edildi
S100066;İSTANBUL;Pendik;Çelik Termos 750 ml;459,90;Teslim edildi
S100067;Ankara;Çankaya;Çelik Termos 500 ml;389,90;Teslim edildi
S100068;İstanbul;Ümraniye;Çelik Termos 500 ml;389,90;Teslim edildi
S100069;İstanbul;Pendik;Çelik Termos 750 ml;459,90;Teslim edildi
S100070;İSTANBUL;Bağcılar;Çelik Termos 500 ml;389,90;Teslim edildi
S100071;Ankara;Keçiören;Çelik Termos 750 ml;459,90;Teslim edildi
S100072;Bursa;Osmangazi;Termos Kupa 350 ml;279,90;Teslim edildi
S100073;Diyarbakır;Kayapınar;Çelik Termos 500 ml;389,90;Teslim edildi
S100074;TRABZON;Ortahisar;Çelik Termos 500 ml;389,90;Teslim edildi
S100075;İstanbul;Esenyurt;Termos Kupa 350 ml;279,90;Teslim edildi
S100076;Ankara;Yenimahalle;Çelik Termos 750 ml;459,90;Teslim edildi
S100077;SAKARYA;Adapazarı;Yedek Kapak Seti;89,90;Teslim edildi
S100078;Eskişehir;Tepebaşı;Çelik Termos 750 ml;459,90;Teslim edildi
S100079;İSTANBUL;Bağcılar;Çelik Termos 500 ml;389,90;Teslim edildi
S100080;İstanbul;Ümraniye;Çelik Termos 500 ml;779,80;Teslim edildi
S100081;ANKARA;Çankaya;Çelik Termos 500 ml;389,90;Teslim edildi
S100082;KOCAELI;Gebze;Çelik Termos 500 ml;389,90;Teslim edildi
S100083;Ankara;Yenimahalle;Çelik Termos 500 ml;389,90;Teslim edildi
S100084;Trabzon;Ortahisar;Termos Kupa 350 ml;279,90;Teslim edildi
S100085;BURSA;Osmangazi;Çelik Termos 500 ml;389,90;Teslim edildi
S100086;SAKARYA;Adapazarı;Termos Kupa 350 ml;279,90;Teslim edildi
S100087;Trabzon;Ortahisar;Termos Kupa 350 ml;279,90;Teslim edildi
S100088;İstanbul;Kadıköy;Çelik Termos 500 ml;389,90;Teslim edildi
S100089;TRABZON;Ortahisar;Yedek Kapak Seti;179,80;İade edildi
S100090;ANKARA;Mamak;Çelik Termos 750 ml;459,90;Teslim edildi
S100091;Kocaeli;İzmit;Termos Kupa 350 ml;279,90;Teslim edildi
S100092;Antalya;Alanya;Termos Kupa 350 ml;279,90;İade edildi
S100093;Ankara;Mamak;Çelik Termos 500 ml;389,90;Teslim edildi
S100094;Malatya;Battalgazi;Çelik Termos 750 ml;1379,70;Teslim edildi
S100095;Bursa;Osmangazi;Çelik Termos 750 ml;919,80;Teslim edildi
S100096;İZMIR;Konak;Çelik Termos 500 ml;389,90;İade edildi
S100097;İSTANBUL;Bağcılar;Çelik Termos 500 ml;389,90;Teslim edildi
S100098;İstanbul;Kadıköy;Yedek Kapak Seti;89,90;Teslim edildi
S100099;Mersin;Mezitli;Çelik Termos 750 ml;459,90;Teslim edildi
S100100;İstanbul;Ümraniye;Çelik Termos 500 ml;389,90;Teslim edildi
S100101;İstanbul;Kadıköy;Termos Kupa 350 ml;279,90;Teslim edildi
S100102;İzmir;Bornova;Yedek Kapak Seti;89,90;Teslim edildi
S100103;İSTANBUL;Pendik;Çelik Termos 500 ml;389,90;Teslim edildi
S100104;İstanbul;Ümraniye;Çelik Termos 500 ml;389,90;Teslim edildi
S100105;Kocaeli;Gebze;Çelik Termos 750 ml;459,90;Teslim edildi
S100106;Gaziantep;Şehitkamil;Çelik Termos 500 ml;389,90;Teslim edildi
S100107;İstanbul;Bağcılar;Çelik Termos 750 ml;459,90;Teslim edildi
S100108;İstanbul;Esenyurt;Çelik Termos 500 ml;779,80;Teslim edildi
S100109;DENIZLI;Pamukkale;Çelik Termos 500 ml;389,90;Teslim edildi
S100110;Antalya;Muratpaşa;Çelik Termos 500 ml;389,90;Teslim edildi
S100111;Bursa;Osmangazi;Çelik Termos 750 ml;459,90;Teslim edildi
S100112;Ankara;Mamak;Termos Kupa 350 ml;559,80;Teslim edildi
S100113;ESKIŞEHIR;Tepebaşı;Çelik Termos 750 ml;459,90;Teslim edildi
S100114;Ankara;Yenimahalle;Çelik Termos 500 ml;389,90;Teslim edildi
S100115;İstanbul;Ümraniye;Termos Kupa 350 ml;559,80;Teslim edildi
S100116;Antalya;Kepez;Termos Kupa 350 ml;279,90;Teslim edildi
S100117;ESKIŞEHIR;Odunpazarı;Çelik Termos 750 ml;919,80;İptal edildi
S100118;Sakarya;Adapazarı;Çelik Termos 750 ml;459,90;Teslim edildi
S100119;İSTANBUL;Kadıköy;Çelik Termos 500 ml;389,90;Teslim edildi
S100120;Ankara;Yenimahalle;Çelik Termos 500 ml;389,90;Teslim edildi
S100121;İzmir;Karşıyaka;Termos Kupa 350 ml;279,90;Teslim edildi
S100122;İstanbul;Beşiktaş;Termos Kupa 350 ml;279,90;Teslim edildi
S100123;Kayseri;Melikgazi;Termos Kupa 350 ml;279,90;Teslim edildi
S100124;İstanbul;Esenyurt;Termos Kupa 350 ml;559,80;Teslim edildi
S100125;İZMIR;Bornova;Çelik Termos 750 ml;1379,70;Teslim edildi
S100126;Antalya;Kepez;Çelik Termos 500 ml;389,90;Teslim edildi
S100127;İstanbul;Beşiktaş;Çelik Termos 750 ml;459,90;Teslim edildi
S100128;İSTANBUL;Beşiktaş;Çelik Termos 500 ml;389,90;Teslim edildi
S100129;ANKARA;Çankaya;Termos Kupa 350 ml;279,90;Teslim edildi
S100130;Konya;Meram;Termos Kupa 350 ml;279,90;Teslim edildi
S100131;Tekirdağ;Çorlu;Termos Kupa 350 ml;559,80;Teslim edildi
S100132;BURSA;Nilüfer;Termos Kupa 350 ml;559,80;Teslim edildi
S100133;İSTANBUL;Esenyurt;Çelik Termos 500 ml;389,90;Teslim edildi
S100134;ANKARA;Yenimahalle;Çelik Termos 750 ml;459,90;Teslim edildi
S100135;Gaziantep;Şehitkamil;Çelik Termos 500 ml;389,90;Teslim edildi
S100136;İstanbul;Esenyurt;Çelik Termos 750 ml;919,80;Teslim edildi
S100137;Ankara;Keçiören;Çelik Termos 750 ml;459,90;Teslim edildi
S100138;İzmir;Konak;Termos Kupa 350 ml;559,80;Teslim edildi
S100139;Tekirdağ;Çorlu;Çelik Termos 750 ml;459,90;Teslim edildi
S100140;İZMIR;Buca;Termos Kupa 350 ml;559,80;Teslim edildi
S100141;KAYSERI;Melikgazi;Çelik Termos 500 ml;779,80;Teslim edildi
S100142;İZMIR;Karşıyaka;Çelik Termos 500 ml;779,80;Teslim edildi
S100143;İstanbul;Ümraniye;Termos Kupa 350 ml;279,90;Teslim edildi
S100144;İzmir;Karşıyaka;Çelik Termos 500 ml;389,90;Teslim edildi
S100145;İSTANBUL;Bağcılar;Çelik Termos 500 ml;389,90;Teslim edildi
S100146;İzmir;Konak;Yedek Kapak Seti;179,80;Teslim edildi
S100147;İstanbul;Pendik;Çelik Termos 750 ml;459,90;Teslim edildi
S100148;ANKARA;Yenimahalle;Çelik Termos 750 ml;919,80;Teslim edildi
S100149;Ankara;Yenimahalle;Çelik Termos 750 ml;1379,70;Teslim edildi
S100150;İstanbul;Kadıköy;Çelik Termos 500 ml;389,90;Teslim edildi
S100151;Kocaeli;Gebze;Çelik Termos 500 ml;389,90;Teslim edildi
S100152;Bursa;Nilüfer;Çelik Termos 750 ml;459,90;Teslim edildi
S100153;Diyarbakır;Kayapınar;Çelik Termos 500 ml;389,90;Teslim edildi
S100154;Aydın;Efeler;Termos Kupa 350 ml;279,90;Teslim edildi
S100155;ANKARA;Yenimahalle;Çelik Termos 500 ml;389,90;Teslim edildi
S100156;İzmir;Karşıyaka;Termos Kupa 350 ml;279,90;Teslim edildi
S100157;İstanbul;Kadıköy;Çelik Termos 500 ml;779,80;Teslim edildi
S100158;İstanbul;Ümraniye;Çelik Termos 500 ml;389,90;Teslim edildi
S100159;Balıkesir;Altıeylül;Çelik Termos 500 ml;389,90;Teslim edildi
S100160;İZMIR;Karşıyaka;Yedek Kapak Seti;89,90;Teslim edildi
S100161;KOCAELI;Gebze;Çelik Termos 750 ml;459,90;Teslim edildi
S100162;KOCAELI;İzmit;Çelik Termos 500 ml;389,90;Teslim edildi
S100163;ANTALYA;Alanya;Çelik Termos 500 ml;779,80;Teslim edildi
S100164;İzmir;Karşıyaka;Çelik Termos 500 ml;1169,70;Teslim edildi
S100165;Bursa;Nilüfer;Çelik Termos 500 ml;389,90;Teslim edildi
S100166;İZMIR;Konak;Termos Kupa 350 ml;279,90;Teslim edildi
S100167;Denizli;Pamukkale;Çelik Termos 750 ml;459,90;Teslim edildi
S100168;BURSA;Nilüfer;Çelik Termos 500 ml;779,80;Teslim edildi
S100169;İstanbul;Pendik;Termos Kupa 350 ml;279,90;Teslim edildi
S100170;ANKARA;Çankaya;Çelik Termos 500 ml;389,90;Teslim edildi
S100171;Ankara;Yenimahalle;Termos Kupa 350 ml;559,80;Teslim edildi
S100172;Mersin;Yenişehir;Termos Kupa 350 ml;559,80;Teslim edildi
S100173;İstanbul;Pendik;Çelik Termos 500 ml;389,90;Teslim edildi
S100174;ANKARA;Çankaya;Çelik Termos 500 ml;389,90;Teslim edildi
S100175;KOCAELI;İzmit;Çelik Termos 500 ml;389,90;Teslim edildi
S100176;İZMIR;Konak;Çelik Termos 500 ml;389,90;Teslim edildi
S100177;TRABZON;Ortahisar;Çelik Termos 750 ml;919,80;Teslim edildi
S100178;BURSA;Osmangazi;Termos Kupa 350 ml;279,90;Teslim edildi
S100179;DIYARBAKIR;Kayapınar;Çelik Termos 500 ml;389,90;Teslim edildi
S100180;Antalya;Kepez;Termos Kupa 350 ml;279,90;İade edildi
S100181;İstanbul;Pendik;Termos Kupa 350 ml;839,70;Teslim edildi
S100182;Diyarbakır;Kayapınar;Çelik Termos 750 ml;459,90;Teslim edildi
S100183;Muğla;Bodrum;Çelik Termos 500 ml;389,90;Teslim edildi
S100184;Diyarbakır;Kayapınar;Çelik Termos 500 ml;389,90;İade edildi
S100185;İstanbul;Beşiktaş;Çelik Termos 500 ml;389,90;Teslim edildi
S100186;Trabzon;Ortahisar;Termos Kupa 350 ml;279,90;Teslim edildi
S100187;İSTANBUL;Esenyurt;Çelik Termos 500 ml;779,80;Teslim edildi
S100188;HATAY;Antakya;Yedek Kapak Seti;89,90;Teslim edildi
S100189;İstanbul;Bağcılar;Termos Kupa 350 ml;279,90;Teslim edildi
S100190;Denizli;Pamukkale;Yedek Kapak Seti;89,90;Teslim edildi
S100191;KOCAELI;Gebze;Çelik Termos 500 ml;779,80;Teslim edildi
S100192;KONYA;Meram;Çelik Termos 500 ml;389,90;Teslim edildi
S100193;İstanbul;Ümraniye;Çelik Termos 500 ml;389,90;Teslim edildi
S100194;İSTANBUL;Bağcılar;Çelik Termos 500 ml;389,90;Teslim edildi
S100195;Bursa;Nilüfer;Çelik Termos 500 ml;389,90;Teslim edildi
S100196;İSTANBUL;Pendik;Çelik Termos 750 ml;459,90;Teslim edildi
S100197;İstanbul;Ümraniye;Termos Kupa 350 ml;279,90;Teslim edildi
S100198;Ankara;Keçiören;Çelik Termos 750 ml;459,90;Teslim edildi
S100199;İstanbul;Kadıköy;Termos Kupa 350 ml;279,90;Teslim edildi
S100200;Antalya;Muratpaşa;Termos Kupa 350 ml;279,90;Teslim edildi
S100201;İSTANBUL;Kadıköy;Termos Kupa 350 ml;559,80;Teslim edildi
S100202;İzmir;Karşıyaka;Çelik Termos 750 ml;459,90;Teslim edildi
S100203;Antalya;Kepez;Termos Kupa 350 ml;279,90;Teslim edildi
S100204;Kayseri;Melikgazi;Termos Kupa 350 ml;279,90;Teslim edildi
S100205;İSTANBUL;Esenyurt;Çelik Termos 500 ml;1169,70;İade edildi
S100206;Ankara;Mamak;Çelik Termos 750 ml;459,90;Teslim edildi
S100207;Konya;Selçuklu;Termos Kupa 350 ml;279,90;Teslim edildi
S100208;Antalya;Alanya;Çelik Termos 500 ml;389,90;Teslim edildi
S100209;Kayseri;Melikgazi;Termos Kupa 350 ml;279,90;Teslim edildi
S100210;Ankara;Mamak;Çelik Termos 500 ml;389,90;Teslim edildi
S100211;İstanbul;Esenyurt;Çelik Termos 500 ml;389,90;Teslim edildi
S100212;İzmir;Bornova;Termos Kupa 350 ml;279,90;Teslim edildi
S100213;İstanbul;Ümraniye;Çelik Termos 500 ml;389,90;Teslim edildi
S100214;İzmir;Karşıyaka;Yedek Kapak Seti;89,90;Teslim edildi
S100215;İstanbul;Esenyurt;Çelik Termos 500 ml;779,80;Teslim edildi
S100216;Ankara;Keçiören;Çelik Termos 500 ml;1169,70;Teslim edildi
S100217;Ankara;Keçiören;Çelik Termos 750 ml;459,90;Teslim edildi
S100218;İzmir;Konak;Çelik Termos 500 ml;389,90;Teslim edildi
S100219;Ankara;Mamak;Çelik Termos 500 ml;389,90;Teslim edildi
S100220;İstanbul;Bağcılar;Çelik Termos 750 ml;459,90;Teslim edildi
S100221;İstanbul;Bağcılar;Çelik Termos 750 ml;459,90;Teslim edildi
S100222;İstanbul;Ümraniye;Yedek Kapak Seti;89,90;Teslim edildi
S100223;İzmir;Karşıyaka;Çelik Termos 750 ml;459,90;Teslim edildi
S100224;Gaziantep;Şahinbey;Termos Kupa 350 ml;279,90;Teslim edildi
S100225;SIVAS;Merkez;Termos Kupa 350 ml;279,90;Teslim edildi
S100226;İstanbul;Esenyurt;Termos Kupa 350 ml;279,90;Teslim edildi
S100227;İZMIR;Konak;Çelik Termos 500 ml;389,90;Teslim edildi
S100228;İZMIR;Konak;Çelik Termos 750 ml;459,90;Teslim edildi
S100229;İSTANBUL;Esenyurt;Çelik Termos 500 ml;389,90;Teslim edildi
S100230;ANKARA;Keçiören;Termos Kupa 350 ml;279,90;Teslim edildi
S100231;İstanbul;Bağcılar;Termos Kupa 350 ml;279,90;Teslim edildi
S100232;İstanbul;Ümraniye;Çelik Termos 750 ml;919,80;Teslim edildi
S100233;Adana;Çukurova;Yedek Kapak Seti;179,80;Teslim edildi
S100234;İSTANBUL;Ümraniye;Çelik Termos 500 ml;389,90;İade edildi
S100235;İstanbul;Beşiktaş;Termos Kupa 350 ml;279,90;Teslim edildi
S100236;Mersin;Mezitli;Çelik Termos 500 ml;389,90;Teslim edildi
S100237;Diyarbakır;Kayapınar;Termos Kupa 350 ml;279,90;Teslim edildi
S100238;Konya;Meram;Çelik Termos 500 ml;389,90;Teslim edildi
S100239;İstanbul;Ümraniye;Çelik Termos 500 ml;779,80;Teslim edildi
S100240;DENIZLI;Pamukkale;Çelik Termos 500 ml;389,90;Teslim edildi
S100241;İstanbul;Ümraniye;Çelik Termos 750 ml;459,90;Teslim edildi
S100242;Aydın;Efeler;Çelik Termos 500 ml;389,90;Teslim edildi
S100243;ANTALYA;Kepez;Çelik Termos 500 ml;389,90;Teslim edildi
S100244;MALATYA;Battalgazi;Çelik Termos 500 ml;779,80;Teslim edildi
S100245;İZMIR;Karşıyaka;Termos Kupa 350 ml;279,90;Teslim edildi
S100246;İstanbul;Pendik;Çelik Termos 500 ml;389,90;Teslim edildi
S100247;İzmir;Buca;Çelik Termos 750 ml;459,90;Teslim edildi
S100248;İstanbul;Bağcılar;Çelik Termos 500 ml;389,90;Teslim edildi
S100249;ANKARA;Mamak;Çelik Termos 500 ml;389,90;Teslim edildi
S100250;Eskişehir;Tepebaşı;Çelik Termos 500 ml;389,90;Teslim edildi
S100251;İstanbul;Bağcılar;Çelik Termos 500 ml;389,90;Teslim edildi
S100252;İstanbul;Ümraniye;Çelik Termos 500 ml;389,90;Teslim edildi
S100253;İstanbul;Pendik;Çelik Termos 750 ml;459,90;Teslim edildi
S100254;Muğla;Fethiye;Termos Kupa 350 ml;279,90;Teslim edildi
S100255;İstanbul;Ümraniye;Çelik Termos 750 ml;459,90;Teslim edildi
S100256;Muğla;Bodrum;Çelik Termos 500 ml;389,90;Teslim edildi
S100257;Antalya;Kepez;Termos Kupa 350 ml;279,90;Teslim edildi
S100258;İstanbul;Ümraniye;Çelik Termos 500 ml;389,90;Teslim edildi
S100259;Adana;Seyhan;Çelik Termos 500 ml;389,90;Teslim edildi
S100260;İSTANBUL;Ümraniye;Termos Kupa 350 ml;279,90;İade edildi
S100261;Gaziantep;Şehitkamil;Yedek Kapak Seti;89,90;Teslim edildi
S100262;İstanbul;Ümraniye;Çelik Termos 500 ml;389,90;Teslim edildi
S100263;İstanbul;Beşiktaş;Termos Kupa 350 ml;279,90;Teslim edildi
S100264;ADANA;Seyhan;Çelik Termos 500 ml;389,90;Teslim edildi
S100265;SAMSUN;Atakum;Çelik Termos 750 ml;919,80;Teslim edildi
S100266;İSTANBUL;Bağcılar;Termos Kupa 350 ml;279,90;Teslim edildi
S100267;Ankara;Yenimahalle;Çelik Termos 500 ml;389,90;Teslim edildi
S100268;Bursa;Nilüfer;Çelik Termos 500 ml;389,90;Teslim edildi
S100269;İSTANBUL;Beşiktaş;Çelik Termos 500 ml;389,90;Teslim edildi
S100270;İstanbul;Pendik;Çelik Termos 500 ml;389,90;Teslim edildi
S100271;Antalya;Kepez;Termos Kupa 350 ml;279,90;Teslim edildi
S100272;Bursa;Nilüfer;Yedek Kapak Seti;89,90;Teslim edildi
S100273;Adana;Çukurova;Çelik Termos 500 ml;389,90;Teslim edildi
S100274;İstanbul;Ümraniye;Çelik Termos 500 ml;779,80;İptal edildi
S100275;Eskişehir;Odunpazarı;Termos Kupa 350 ml;279,90;Teslim edildi
S100276;Hatay;Antakya;Çelik Termos 750 ml;919,80;Teslim edildi
S100277;İstanbul;Bağcılar;Çelik Termos 500 ml;389,90;Teslim edildi
S100278;İSTANBUL;Ümraniye;Yedek Kapak Seti;89,90;Teslim edildi
S100279;İstanbul;Bağcılar;Çelik Termos 750 ml;459,90;Teslim edildi
S100280;İstanbul;Esenyurt;Çelik Termos 500 ml;389,90;Teslim edildi
S100281;Ankara;Çankaya;Çelik Termos 500 ml;389,90;Teslim edildi
S100282;Ankara;Çankaya;Çelik Termos 500 ml;389,90;Teslim edildi
S100283;DENIZLI;Pamukkale;Çelik Termos 500 ml;389,90;Teslim edildi
S100284;İZMIR;Bornova;Yedek Kapak Seti;89,90;Teslim edildi
S100285;ADANA;Seyhan;Yedek Kapak Seti;89,90;Teslim edildi
S100286;İstanbul;Pendik;Çelik Termos 750 ml;459,90;Teslim edildi
S100287;Antalya;Muratpaşa;Termos Kupa 350 ml;279,90;Teslim edildi
S100288;İSTANBUL;Beşiktaş;Termos Kupa 350 ml;279,90;Teslim edildi
S100289;Samsun;Atakum;Çelik Termos 750 ml;459,90;Teslim edildi
S100290;Bursa;Osmangazi;Çelik Termos 750 ml;459,90;İade edildi
S100291;İSTANBUL;Esenyurt;Çelik Termos 750 ml;1379,70;Teslim edildi
S100292;Gaziantep;Şehitkamil;Yedek Kapak Seti;89,90;Teslim edildi
S100293;İstanbul;Kadıköy;Çelik Termos 500 ml;779,80;Teslim edildi
S100294;Kayseri;Melikgazi;Çelik Termos 750 ml;1379,70;İade edildi
S100295;İSTANBUL;Esenyurt;Termos Kupa 350 ml;279,90;Teslim edildi
S100296;İZMIR;Karşıyaka;Termos Kupa 350 ml;279,90;Teslim edildi
S100297;İstanbul;Esenyurt;Çelik Termos 750 ml;459,90;Teslim edildi
S100298;Eskişehir;Tepebaşı;Çelik Termos 500 ml;389,90;Teslim edildi
S100299;İstanbul;Beşiktaş;Çelik Termos 500 ml;389,90;Teslim edildi
S100300;Diyarbakır;Kayapınar;Çelik Termos 500 ml;1169,70;Teslim edildi
S100301;DENIZLI;Pamukkale;Termos Kupa 350 ml;279,90;Teslim edildi
S100302;İSTANBUL;Bağcılar;Çelik Termos 500 ml;389,90;Teslim edildi
S100303;ANTALYA;Muratpaşa;Termos Kupa 350 ml;279,90;Teslim edildi
S100304;İSTANBUL;Ümraniye;Çelik Termos 500 ml;779,80;Teslim edildi
S100305;İSTANBUL;Ümraniye;Yedek Kapak Seti;89,90;Teslim edildi
S100306;MERSIN;Mezitli;Çelik Termos 500 ml;389,90;Teslim edildi
S100307;İstanbul;Bağcılar;Çelik Termos 500 ml;389,90;Teslim edildi
S100308;ANKARA;Çankaya;Çelik Termos 750 ml;459,90;Teslim edildi
S100309;Adana;Çukurova;Çelik Termos 750 ml;919,80;Teslim edildi
S100310;ANTALYA;Alanya;Termos Kupa 350 ml;279,90;Teslim edildi
S100311;Aydın;Efeler;Çelik Termos 500 ml;389,90;Teslim edildi
S100312;ANKARA;Yenimahalle;Çelik Termos 500 ml;779,80;Teslim edildi
S100313;Ankara;Çankaya;Termos Kupa 350 ml;559,80;Teslim edildi
S100314;İzmir;Buca;Çelik Termos 500 ml;389,90;İade edildi
S100315;Edirne;Merkez;Termos Kupa 350 ml;559,80;Teslim edildi
S100316;İstanbul;Pendik;Çelik Termos 500 ml;389,90;Teslim edildi
S100317;İSTANBUL;Esenyurt;Çelik Termos 500 ml;389,90;Teslim edildi
S100318;KOCAELI;Gebze;Termos Kupa 350 ml;839,70;İade edildi
S100319;KAYSERI;Melikgazi;Yedek Kapak Seti;89,90;Teslim edildi
S100320;Samsun;Atakum;Çelik Termos 750 ml;459,90;Teslim edildi
S100321;Aydın;Efeler;Çelik Termos 750 ml;459,90;Teslim edildi
S100322;MERSIN;Yenişehir;Çelik Termos 500 ml;389,90;İptal edildi
S100323;İstanbul;Ümraniye;Çelik Termos 500 ml;389,90;Teslim edildi
S100324;Sivas;Merkez;Çelik Termos 750 ml;459,90;Teslim edildi
S100325;İZMIR;Bornova;Çelik Termos 500 ml;389,90;Teslim edildi
S100326;Edirne;Merkez;Çelik Termos 750 ml;459,90;Teslim edildi
S100327;Eskişehir;Tepebaşı;Çelik Termos 750 ml;459,90;Teslim edildi
S100328;Antalya;Muratpaşa;Yedek Kapak Seti;89,90;Teslim edildi
S100329;KAYSERI;Melikgazi;Çelik Termos 500 ml;389,90;Teslim edildi
S100330;Ankara;Mamak;Çelik Termos 750 ml;919,80;Teslim edildi
S100331;ANKARA;Yenimahalle;Çelik Termos 500 ml;389,90;Teslim edildi
S100332;Trabzon;Ortahisar;Çelik Termos 500 ml;1169,70;Teslim edildi
S100333;ANKARA;Çankaya;Çelik Termos 500 ml;389,90;Teslim edildi
S100334;ANKARA;Çankaya;Çelik Termos 750 ml;459,90;Teslim edildi
S100335;İstanbul;Ümraniye;Termos Kupa 350 ml;279,90;Teslim edildi
S100336;ANKARA;Yenimahalle;Çelik Termos 500 ml;389,90;Teslim edildi
S100337;İZMIR;Bornova;Çelik Termos 500 ml;389,90;İptal edildi
S100338;İstanbul;Bağcılar;Çelik Termos 750 ml;1379,70;Teslim edildi
S100339;ANKARA;Keçiören;Çelik Termos 500 ml;389,90;Teslim edildi
S100340;İZMIR;Buca;Çelik Termos 750 ml;459,90;Teslim edildi
S100341;Eskişehir;Tepebaşı;Yedek Kapak Seti;89,90;Teslim edildi
S100342;BURSA;Osmangazi;Çelik Termos 500 ml;389,90;Teslim edildi
S100343;İSTANBUL;Kadıköy;Çelik Termos 500 ml;389,90;Teslim edildi
S100344;Sivas;Merkez;Çelik Termos 750 ml;459,90;Teslim edildi
S100345;Kocaeli;İzmit;Çelik Termos 500 ml;779,80;Teslim edildi
S100346;Samsun;Atakum;Çelik Termos 750 ml;459,90;Teslim edildi
S100347;KAYSERI;Melikgazi;Çelik Termos 500 ml;389,90;Teslim edildi
S100348;Eskişehir;Tepebaşı;Çelik Termos 500 ml;779,80;Teslim edildi
S100349;ADANA;Seyhan;Çelik Termos 750 ml;459,90;Teslim edildi
S100350;Balıkesir;Altıeylül;Çelik Termos 500 ml;389,90;Teslim edildi
S100351;DENIZLI;Pamukkale;Çelik Termos 750 ml;459,90;Teslim edildi
S100352;ADANA;Çukurova;Yedek Kapak Seti;89,90;Teslim edildi
S100353;İstanbul;Kadıköy;Termos Kupa 350 ml;279,90;Teslim edildi
S100354;Ankara;Mamak;Çelik Termos 500 ml;389,90;Teslim edildi
S100355;İzmir;Konak;Çelik Termos 750 ml;459,90;Teslim edildi
S100356;Ankara;Mamak;Çelik Termos 750 ml;459,90;Teslim edildi
S100357;Antalya;Muratpaşa;Termos Kupa 350 ml;559,80;Teslim edildi
S100358;Ankara;Mamak;Çelik Termos 750 ml;459,90;Teslim edildi
S100359;Ankara;Yenimahalle;Çelik Termos 500 ml;389,90;Teslim edildi
S100360;İZMIR;Buca;Çelik Termos 500 ml;389,90;Teslim edildi
S100361;İzmir;Karşıyaka;Çelik Termos 500 ml;389,90;Teslim edildi
S100362;İstanbul;Esenyurt;Çelik Termos 500 ml;389,90;Teslim edildi
S100363;Mersin;Mezitli;Çelik Termos 750 ml;919,80;Teslim edildi
S100364;Ankara;Yenimahalle;Yedek Kapak Seti;89,90;Teslim edildi
S100365;İstanbul;Ümraniye;Çelik Termos 500 ml;389,90;Teslim edildi
S100366;İstanbul;Ümraniye;Çelik Termos 750 ml;459,90;Teslim edildi
S100367;Kayseri;Melikgazi;Yedek Kapak Seti;89,90;Teslim edildi
S100368;Antalya;Alanya;Çelik Termos 750 ml;459,90;Teslim edildi
S100369;İstanbul;Esenyurt;Çelik Termos 500 ml;779,80;Teslim edildi
S100370;İZMIR;Buca;Termos Kupa 350 ml;279,90;Teslim edildi
S100371;Denizli;Pamukkale;Çelik Termos 500 ml;389,90;Teslim edildi
S100372;Ankara;Yenimahalle;Çelik Termos 500 ml;779,80;Teslim edildi
S100373;Ankara;Keçiören;Termos Kupa 350 ml;279,90;Teslim edildi
S100374;İstanbul;Pendik;Çelik Termos 750 ml;1379,70;Teslim edildi
S100375;İSTANBUL;Pendik;Çelik Termos 750 ml;459,90;Teslim edildi
S100376;İzmir;Konak;Çelik Termos 500 ml;389,90;Teslim edildi
S100377;İSTANBUL;Ümraniye;Yedek Kapak Seti;179,80;Teslim edildi
S100378;Ankara;Mamak;Termos Kupa 350 ml;559,80;Teslim edildi
S100379;Hatay;Antakya;Çelik Termos 500 ml;389,90;Teslim edildi
S100380;Hatay;Antakya;Çelik Termos 500 ml;389,90;Teslim edildi
S100381;İstanbul;Esenyurt;Termos Kupa 350 ml;559,80;İade edildi
S100382;Samsun;Atakum;Çelik Termos 750 ml;459,90;Teslim edildi
S100383;İstanbul;Beşiktaş;Çelik Termos 500 ml;389,90;Teslim edildi
S100384;Ankara;Yenimahalle;Çelik Termos 500 ml;389,90;Teslim edildi
S100385;İSTANBUL;Beşiktaş;Çelik Termos 500 ml;389,90;Teslim edildi
S100386;Kocaeli;Gebze;Yedek Kapak Seti;89,90;Teslim edildi
S100387;İzmir;Buca;Çelik Termos 500 ml;389,90;Teslim edildi
S100388;Antalya;Kepez;Çelik Termos 750 ml;459,90;Teslim edildi
S100389;İzmir;Bornova;Termos Kupa 350 ml;279,90;Teslim edildi
S100390;Adana;Seyhan;Çelik Termos 750 ml;459,90;İade edildi
S100391;ANKARA;Keçiören;Çelik Termos 500 ml;779,80;Teslim edildi
S100392;Ankara;Mamak;Çelik Termos 750 ml;459,90;Teslim edildi
S100393;Diyarbakır;Kayapınar;Çelik Termos 750 ml;919,80;İade edildi
S100394;İzmir;Karşıyaka;Termos Kupa 350 ml;559,80;Teslim edildi
S100395;Denizli;Pamukkale;Yedek Kapak Seti;179,80;Teslim edildi
S100396;Eskişehir;Odunpazarı;Çelik Termos 500 ml;389,90;Teslim edildi
S100397;DENIZLI;Pamukkale;Termos Kupa 350 ml;559,80;Teslim edildi
S100398;Balıkesir;Altıeylül;Çelik Termos 500 ml;779,80;Teslim edildi
S100399;ADANA;Çukurova;Çelik Termos 500 ml;389,90;Teslim edildi
S100400;Mersin;Yenişehir;Çelik Termos 750 ml;919,80;Teslim edildi
