ad;marka;fiyat;puan;yorum;favori;kargo;benim
Paslanmaz Çelik Termos 500 ml;Örnek Marka;389,90;4,3;86;410;ücretli;evet
Çelik Termos 500 ml Model 1;Marka A;358,90;4,2;46;303;ücretsiz;
Çelik Termos 500 ml Model 2;Marka F;253,50;4,2;97;268;ücretli;
Çelik Termos 500 ml Model 3;Marka E;499,00;4,4;79;239;ücretsiz;
Çelik Termos 350 ml Model 4;Marka E;708,90;3,9;149;437;ücretsiz;
Çelik Termos 500 ml Model 5;Marka C;208,90;4,3;379;1741;ücretli;
Çelik Termos 750 ml Model 6;Marka C;308,90;4,5;93;452;ücretli;
Çelik Termos 750 ml Model 7;Marka D;449,00;3,9;67;213;ücretsiz;
Çelik Termos 1000 ml Model 8;Marka D;199,00;4,6;877;3430;ücretli;
Çelik Termos 350 ml Model 9;Marka A;453,50;3,9;44;248;ücretsiz;
Çelik Termos 350 ml Model 10;Marka D;549,90;4,4;65;358;ücretsiz;
Çelik Termos 500 ml Model 11;Marka D;358,90;4,4;285;1081;ücretsiz;
Çelik Termos 750 ml Model 12;Marka E;383,50;3,9;234;1515;ücretsiz;
Çelik Termos 500 ml Model 13;Marka B;333,50;4,8;506;1790;ücretsiz;
Çelik Termos 500 ml Model 14;Marka D;508,90;3,8;272;1025;ücretsiz;
Çelik Termos 1000 ml Model 15;Marka F;429,90;4,4;85;541;ücretsiz;
Çelik Termos 750 ml Model 16;Marka A;499,00;4,3;274;1175;ücretsiz;
Çelik Termos 500 ml Model 17;Marka E;403,50;3,9;103;332;ücretsiz;
Çelik Termos 500 ml Model 18;Marka F;199,00;3,8;222;1428;ücretli;
Çelik Termos 750 ml Model 19;Marka D;329,90;4,4;274;1286;ücretli;
Çelik Termos 1000 ml Model 20;Marka A;329,00;3,9;1780;8283;ücretli;
Çelik Termos 350 ml Model 21;Marka F;299,90;3,9;315;1536;ücretli;
Çelik Termos 1000 ml Model 22;Marka E;699,90;4,3;419;1467;ücretsiz;
Çelik Termos 500 ml Model 23;Marka D;358,90;4,4;2757;9313;ücretsiz;
Çelik Termos 500 ml Model 24;Marka D;558,90;4,0;120;834;ücretsiz;
Çelik Termos 500 ml Model 25;Marka A;338,90;4,5;1378;9255;ücretli;
Çelik Termos 350 ml Model 26;Marka D;299,00;4,0;141;748;ücretli;
Çelik Termos 500 ml Model 27;Marka A;849,90;4,6;313;1033;ücretsiz;
Çelik Termos 500 ml Model 28;Marka A;603,50;4,3;209;671;ücretsiz;
Çelik Termos 350 ml Model 29;Marka E;283,50;4,6;155;478;ücretsiz;
Çelik Termos 500 ml Model 30;Marka E;558,90;4,2;61;232;ücretsiz;
